Filename,Mean size (mm)
Run354_Image08001_Crib0002.png,39.72
Run354_Image08002_Crib0004.png,40.14
Run354_Image08003_Crib0005.png,40.34
Run354_Image08003_Crib0006.png,40.01
Run354_Image08004_Crib0007.png,39.45
Run354_Image08004_Crib0008.png,38.4
Run354_Image08005_Crib0009.png,38.31
Run354_Image08005_Crib0010.png,37.93
Run354_Image08007_Crib0012.png,39.6
Run354_Image08007_Crib0013.png,40.29
Run354_Image08008_Crib0014.png,40.18
Run354_Image08008_Crib0015.png,38.51
Run354_Image08010_Crib0017.png,40.11
Run354_Image08011_Crib0018.png,38.8
Run354_Image08011_Crib0019.png,39.36
Run354_Image08012_Crib0020.png,38.59
Run354_Image08012_Crib0021.png,37.8
Run354_Image08014_Crib0023.png,39.14
Run354_Image08014_Crib0024.png,39.45
Run354_Image08015_Crib0025.png,38.83
Run354_Image08015_Crib0026.png,38.2
Run354_Image08016_Crib0027.png,38.36
Run354_Image08016_Crib0028.png,38.84
Run354_Image08017_Crib0029.png,40.32
Run354_Image08018_Crib0030.png,39.26
Run354_Image08018_Crib0031.png,39.71
Run354_Image08019_Crib0032.png,38.28
Run354_Image08020_Crib0034.png,37.95
Run354_Image08021_Crib0035.png,39.81
Run354_Image08021_Crib0036.png,37.4
Run354_Image08022_Crib0037.png,38.66
Run354_Image08022_Crib0038.png,39.55
Run354_Image08023_Crib0039.png,40.92
Run354_Image08023_Crib0040.png,38.42
Run354_Image08024_Crib0041.png,39.18
Run354_Image08024_Crib0042.png,37.45
Run354_Image08025_Crib0043.png,39.9
Run354_Image08025_Crib0044.png,36.23
Run354_Image08026_Crib0045.png,38.97
Run354_Image08026_Crib0046.png,38.36
Run354_Image08027_Crib0047.png,38.83
Run354_Image08027_Crib0048.png,38.65
Run354_Image08028_Crib0049.png,38.92
Run354_Image08028_Crib0050.png,38.25
Run354_Image08029_Crib0051.png,40.73
Run354_Image08029_Crib0052.png,38.54
Run354_Image08030_Crib0053.png,38.9
Run354_Image08030_Crib0054.png,39.51
Run354_Image08031_Crib0055.png,38.69
Run354_Image08031_Crib0056.png,39.37
Run354_Image08033_Crib0058.png,36.99
Run354_Image08033_Crib0059.png,38.75
Run354_Image08035_Crib0061.png,38.43
Run354_Image08036_Crib0062.png,37.77
Run354_Image08036_Crib0063.png,38.01
Run354_Image08038_Crib0065.png,38.77
Run354_Image08039_Crib0066.png,36.99
Run354_Image08039_Crib0067.png,39.87
Run354_Image08041_Crib0069.png,37.7
Run354_Image08042_Crib0070.png,39.96
Run354_Image08042_Crib0071.png,37.62
Run354_Image08043_Crib0072.png,38.46
Run354_Image08044_Crib0074.png,37.81
Run354_Image08045_Crib0075.png,37.57
Run354_Image08045_Crib0076.png,37.06
Run354_Image08046_Crib0077.png,36.5
Run354_Image08046_Crib0078.png,38.63
Run354_Image08047_Crib0079.png,38.46
Run354_Image08047_Crib0080.png,38.94
Run354_Image08048_Crib0081.png,38.68
Run354_Image08048_Crib0082.png,36.52
Run354_Image08049_Crib0083.png,37.45
Run354_Image08049_Crib0084.png,38.03
Run354_Image08050_Crib0085.png,38.51
Run354_Image08051_Crib0087.png,37.79
Run354_Image08052_Crib0088.png,37.17
Run354_Image08052_Crib0089.png,38.85
Run354_Image08053_Crib0090.png,37.32
Run354_Image08053_Crib0091.png,38.58
Run354_Image08054_Crib0092.png,38.31
Run354_Image08054_Crib0093.png,37.98
Run354_Image08055_Crib0094.png,37.46
Run354_Image08055_Crib0095.png,36.97
Run354_Image08056_Crib0096.png,37.67
Run354_Image08056_Crib0097.png,38.82
Run354_Image08057_Crib0098.png,37.53
Run354_Image08057_Crib0099.png,37.63
Run354_Image08058_Crib0100.png,38.34
Run354_Image08058_Crib0101.png,37.92
Run354_Image08059_Crib0102.png,36.51
Run354_Image08059_Crib0103.png,37.65
Run354_Image08060_Crib0104.png,37.19
Run354_Image08060_Crib0105.png,38.32
Run354_Image08061_Crib0106.png,39.5
Run354_Image08061_Crib0107.png,38.77
Run354_Image08062_Crib0108.png,37.51
Run354_Image08063_Crib0109.png,38.26
Run354_Image08063_Crib0110.png,37.64
Run354_Image08064_Crib0111.png,37.73
Run354_Image08064_Crib0112.png,39.82
Run354_Image08065_Crib0113.png,39.14
Run354_Image08065_Crib0114.png,38.3
Run354_Image08066_Crib0115.png,37.59
Run354_Image08066_Crib0116.png,38.72
Run354_Image08067_Crib0117.png,40.07
Run354_Image08067_Crib0118.png,39.16
Run354_Image08068_Crib0119.png,38.48
Run354_Image08068_Crib0120.png,38.79
Run354_Image08069_Crib0121.png,39.95
Run354_Image08069_Crib0122.png,38.04
Run354_Image08070_Crib0123.png,37.56
Run354_Image08070_Crib0124.png,38.51
Run354_Image08071_Crib0125.png,37.92
Run354_Image08071_Crib0126.png,38.65
Run354_Image08072_Crib0127.png,38.04
Run354_Image08072_Crib0128.png,39.1
Run354_Image08073_Crib0129.png,36.04
Run354_Image08073_Crib0130.png,37.54
Run354_Image08074_Crib0131.png,38.66
Run354_Image08074_Crib0132.png,37.89
Run354_Image08075_Crib0133.png,37.56
Run354_Image08075_Crib0134.png,38.59
Run354_Image08076_Crib0135.png,38.2
Run354_Image08076_Crib0136.png,38.41
Run354_Image08077_Crib0137.png,38.41
Run354_Image08077_Crib0138.png,39.02
Run354_Image08078_Crib0139.png,38.35
Run354_Image08078_Crib0140.png,38.34
Run354_Image08079_Crib0141.png,39.73
Run354_Image08079_Crib0142.png,37.72
Run354_Image08080_Crib0143.png,36.94
Run354_Image08080_Crib0144.png,36.99
Run354_Image08081_Crib0145.png,38.15
Run354_Image08081_Crib0146.png,39.26
Run354_Image08082_Crib0147.png,38.12
Run354_Image08082_Crib0148.png,39.05
Run354_Image08083_Crib0149.png,39.08
Run354_Image08083_Crib0150.png,38.19
Run354_Image08084_Crib0151.png,37.86
Run354_Image08084_Crib0152.png,37.22
Run354_Image08085_Crib0153.png,37.06
Run354_Image08085_Crib0154.png,38.38
Run354_Image08086_Crib0155.png,39.08
Run354_Image08086_Crib0156.png,38.7
Run354_Image08087_Crib0157.png,38.12
Run354_Image08088_Crib0158.png,39.41
Run354_Image08088_Crib0159.png,40.66
Run354_Image08089_Crib0160.png,39.25
Run354_Image08089_Crib0161.png,38.99
Run354_Image08090_Crib0162.png,38.47
Run354_Image08090_Crib0163.png,38.32
Run354_Image08091_Crib0164.png,37.64
Run354_Image08091_Crib0165.png,38.41
Run354_Image08092_Crib0166.png,37.56
Run354_Image08092_Crib0167.png,39.11
Run354_Image08093_Crib0168.png,37.51
Run354_Image08093_Crib0169.png,37.5
Run354_Image08094_Crib0170.png,38.04
Run354_Image08094_Crib0171.png,37.24
Run354_Image08095_Crib0172.png,40.85
Run354_Image08095_Crib0173.png,38.04
Run354_Image08096_Crib0174.png,38.77
Run354_Image08096_Crib0175.png,37.73
Run354_Image08097_Crib0176.png,39.02
Run354_Image08097_Crib0177.png,38.99
Run354_Image08098_Crib0178.png,38.49
Run354_Image08098_Crib0179.png,37.84
Run354_Image08099_Crib0180.png,38.33
Run354_Image08099_Crib0181.png,36.89
Run354_Image08100_Crib0182.png,38.87
Run354_Image08100_Crib0183.png,36.91
Run354_Image08101_Crib0184.png,39.21
Run354_Image08101_Crib0185.png,38
Run354_Image08102_Crib0186.png,37.82
Run354_Image08102_Crib0187.png,38.37
Run354_Image08103_Crib0188.png,37.77
Run354_Image08103_Crib0189.png,39.73
Run354_Image08104_Crib0190.png,37.71
Run354_Image08104_Crib0191.png,39.46
Run354_Image08105_Crib0192.png,36.6
Run354_Image08105_Crib0193.png,40.27
Run354_Image08106_Crib0194.png,38.17
Run354_Image08106_Crib0195.png,38.83
Run354_Image08107_Crib0196.png,39.57
Run354_Image08107_Crib0197.png,39.72
Run354_Image08108_Crib0198.png,41.07
Run354_Image08108_Crib0199.png,38.21
Run354_Image08109_Crib0200.png,38.1
Run354_Image08109_Crib0201.png,40.3
Run354_Image08110_Crib0202.png,40.1
Run354_Image08110_Crib0203.png,37.72
Run354_Image08111_Crib0204.png,39.74
Run354_Image08111_Crib0205.png,38.98
Run354_Image08112_Crib0206.png,39.69
Run354_Image08113_Crib0207.png,38.26
Run354_Image08113_Crib0208.png,38.74
Run354_Image08114_Crib0209.png,37.53
Run354_Image08114_Crib0210.png,37.22
Run354_Image08115_Crib0211.png,39.2
Run354_Image08115_Crib0212.png,36.95
Run354_Image08116_Crib0213.png,37.45
Run354_Image08116_Crib0214.png,37.63
Run354_Image08117_Crib0215.png,37.39
Run354_Image08117_Crib0216.png,38.56
Run354_Image08118_Crib0217.png,38.85
Run354_Image08118_Crib0218.png,38.46
Run354_Image08119_Crib0219.png,36.97
Run354_Image08119_Crib0220.png,37.34
Run354_Image08120_Crib0221.png,38.92
Run354_Image08120_Crib0222.png,37.6
Run354_Image08121_Crib0223.png,39.72
Run354_Image08121_Crib0224.png,38.6
Run354_Image08122_Crib0225.png,39.17
Run354_Image08122_Crib0226.png,39.27
Run354_Image08123_Crib0227.png,38.92
Run354_Image08123_Crib0228.png,39.27
Run354_Image08124_Crib0229.png,39.07
Run354_Image08124_Crib0230.png,39.53
Run354_Image08125_Crib0231.png,38.72
Run354_Image08125_Crib0232.png,39.62
Run354_Image08126_Crib0233.png,38.9
Run354_Image08126_Crib0234.png,37.03
Run354_Image08127_Crib0235.png,40.32
Run354_Image08127_Crib0236.png,38.32
Run354_Image08128_Crib0237.png,38.68
Run354_Image08128_Crib0238.png,38.25
Run354_Image08129_Crib0239.png,39.18
Run354_Image08129_Crib0240.png,38.83
Run354_Image08130_Crib0241.png,39.49
Run354_Image08130_Crib0242.png,39.18
Run354_Image08131_Crib0243.png,39.18
Run354_Image08131_Crib0244.png,38.84
Run354_Image08132_Crib0245.png,38.05
Run354_Image08132_Crib0246.png,38.23
Run354_Image08133_Crib0247.png,37.88
Run354_Image08133_Crib0248.png,39.79
Run354_Image08134_Crib0249.png,37.48
Run354_Image08134_Crib0250.png,39.52
Run354_Image08135_Crib0251.png,38.7
Run354_Image08135_Crib0252.png,37.72
Run354_Image08136_Crib0253.png,37.81
Run354_Image08136_Crib0254.png,39.07
Run354_Image08137_Crib0255.png,38.34
Run354_Image08137_Crib0256.png,38.31
Run354_Image08138_Crib0257.png,39.12
Run354_Image08138_Crib0258.png,40.05
Run354_Image08139_Crib0259.png,39.05
Run354_Image08140_Crib0260.png,39.91
Run354_Image08140_Crib0261.png,40.34
Run354_Image08141_Crib0262.png,39.66
Run354_Image08141_Crib0263.png,40.12
Run354_Image08142_Crib0264.png,38.52
Run354_Image08142_Crib0265.png,40.84
Run354_Image08143_Crib0266.png,38.44
Run354_Image08143_Crib0267.png,38.39
Run354_Image08144_Crib0268.png,39.81
Run354_Image08144_Crib0269.png,39.62
Run354_Image08145_Crib0270.png,40.21
Run354_Image08145_Crib0271.png,39.68
Run354_Image08146_Crib0272.png,39.37
Run354_Image08146_Crib0273.png,40.17
Run354_Image08147_Crib0274.png,39.35
Run354_Image08147_Crib0275.png,39.83
Run354_Image08148_Crib0276.png,39.66
Run354_Image08148_Crib0277.png,38.47
Run354_Image08149_Crib0278.png,39.29
Run354_Image08149_Crib0279.png,39.51
Run354_Image08150_Crib0280.png,40.67
Run354_Image08150_Crib0281.png,38.74
Run354_Image08151_Crib0282.png,39.81
Run354_Image08151_Crib0283.png,39.69
Run354_Image08152_Crib0284.png,38.83
Run354_Image08152_Crib0285.png,37.94
Run354_Image08153_Crib0286.png,40.95
Run354_Image08153_Crib0287.png,39.11
Run354_Image08154_Crib0288.png,37.97
Run354_Image08154_Crib0289.png,39.34
Run354_Image08155_Crib0290.png,40.03
Run354_Image08155_Crib0291.png,40.79
Run354_Image08156_Crib0292.png,40.49
Run354_Image08156_Crib0293.png,39.88
Run354_Image08157_Crib0294.png,39.56
Run354_Image08157_Crib0295.png,39.31
Run354_Image08158_Crib0296.png,40.95
Run354_Image08158_Crib0297.png,39.06
Run354_Image08159_Crib0298.png,37.98
Run354_Image08159_Crib0299.png,38.69
Run354_Image08160_Crib0300.png,39.49
Run354_Image08160_Crib0301.png,40.54
Run354_Image08161_Crib0302.png,40.33
Run354_Image08161_Crib0303.png,40.36
Run354_Image08162_Crib0304.png,40.18
Run354_Image08162_Crib0305.png,39.21
Run354_Image08163_Crib0306.png,38.52
Run354_Image08164_Crib0307.png,38.41
Run354_Image08164_Crib0308.png,38.69
Run354_Image08165_Crib0309.png,39.76
Run354_Image08165_Crib0310.png,39.55
Run354_Image08166_Crib0311.png,39.18
Run354_Image08166_Crib0312.png,39.46
Run354_Image08167_Crib0313.png,38.43
Run354_Image08167_Crib0314.png,39.49
Run354_Image08168_Crib0315.png,38.68
Run354_Image08168_Crib0316.png,38.19
Run354_Image08169_Crib0317.png,37.92
Run354_Image08169_Crib0318.png,39.31
Run354_Image08170_Crib0319.png,38.21
Run354_Image08170_Crib0320.png,38.64
Run354_Image08171_Crib0321.png,41.42
Run354_Image08171_Crib0322.png,39.39
Run354_Image08172_Crib0323.png,39.26
Run354_Image08172_Crib0324.png,39.21
Run354_Image08173_Crib0325.png,38.73
Run354_Image08173_Crib0326.png,39.25
Run354_Image08174_Crib0327.png,37.54
Run354_Image08174_Crib0328.png,36.87
Run354_Image08175_Crib0329.png,38.86
Run354_Image08175_Crib0330.png,39.36
Run354_Image08176_Crib0331.png,38.92
Run354_Image08176_Crib0332.png,39.03
Run354_Image08177_Crib0333.png,37.32
Run354_Image08177_Crib0334.png,38.19
Run354_Image08178_Crib0335.png,37.99
Run354_Image08178_Crib0336.png,38.33
Run354_Image08179_Crib0337.png,38.24
Run354_Image08179_Crib0338.png,38.46
Run354_Image08180_Crib0339.png,39.37
Run354_Image08180_Crib0340.png,37.78
Run354_Image08181_Crib0341.png,39.34
Run354_Image08181_Crib0342.png,39.23
Run354_Image08182_Crib0343.png,39.39
Run354_Image08182_Crib0344.png,37.44
Run354_Image08183_Crib0345.png,38.7
Run354_Image08183_Crib0346.png,38.36
Run354_Image08184_Crib0347.png,39.93
Run354_Image08184_Crib0348.png,38.27
Run354_Image08185_Crib0349.png,38.74
Run354_Image08185_Crib0350.png,39.93
Run354_Image08186_Crib0351.png,38.76
Run354_Image08186_Crib0352.png,40.07
Run354_Image08187_Crib0353.png,38.49
Run354_Image08187_Crib0354.png,38.32
Run354_Image08188_Crib0355.png,39.24
Run354_Image08188_Crib0356.png,38.85
Run354_Image08189_Crib0357.png,38.04
Run354_Image08189_Crib0358.png,38.99
Run354_Image08190_Crib0359.png,41.04
Run354_Image08190_Crib0360.png,39.01
Run354_Image08191_Crib0361.png,38.51
Run354_Image08192_Crib0362.png,40.23
Run354_Image08192_Crib0363.png,39.34
Run354_Image08193_Crib0364.png,40.78
Run354_Image08193_Crib0365.png,39.49
Run354_Image08194_Crib0366.png,38.63
Run354_Image08194_Crib0367.png,40.41
Run354_Image08195_Crib0368.png,40.12
Run354_Image08195_Crib0369.png,39.75
Run354_Image08196_Crib0370.png,39.72
Run354_Image08196_Crib0371.png,40.44
Run354_Image08197_Crib0372.png,40.1
Run354_Image08197_Crib0373.png,40.64
Run354_Image08198_Crib0374.png,40.3
Run354_Image08198_Crib0375.png,39.5
Run354_Image08199_Crib0376.png,40.91
Run354_Image08199_Crib0377.png,40.15
Run354_Image08200_Crib0378.png,41.29
Run354_Image08200_Crib0379.png,40.15
Run354_Image08201_Crib0380.png,38.71
Run354_Image08201_Crib0381.png,38.65
Run354_Image08202_Crib0382.png,39.93
Run354_Image08202_Crib0383.png,37.85
Run354_Image08203_Crib0384.png,38.75
Run354_Image08203_Crib0385.png,39.14
Run354_Image08204_Crib0386.png,38.89
Run354_Image08204_Crib0387.png,40.01
Run354_Image08205_Crib0388.png,40.04
Run354_Image08205_Crib0389.png,39.73
Run354_Image08206_Crib0390.png,39.49
Run354_Image08206_Crib0391.png,39.64
Run354_Image08207_Crib0392.png,39.68
Run354_Image08207_Crib0393.png,39.74
Run354_Image08208_Crib0394.png,39.6
Run354_Image08208_Crib0395.png,41.26
Run354_Image08209_Crib0396.png,39.22
Run354_Image08209_Crib0397.png,41.31
Run354_Image08210_Crib0398.png,40.77
Run354_Image08210_Crib0399.png,40.09
Run354_Image08211_Crib0400.png,39.55
Run354_Image08211_Crib0401.png,39.85
Run354_Image08212_Crib0402.png,40.1
Run354_Image08212_Crib0403.png,40.11
Run354_Image08213_Crib0404.png,40.01
Run354_Image08213_Crib0405.png,40.9
Run354_Image08214_Crib0406.png,39.98
Run354_Image08214_Crib0407.png,41.16
Run354_Image08215_Crib0408.png,40
Run354_Image08216_Crib0409.png,39.63
Run354_Image08216_Crib0410.png,41.06
Run354_Image08217_Crib0411.png,39.68
Run354_Image08217_Crib0412.png,38.78
Run354_Image08218_Crib0413.png,39.27
Run354_Image08218_Crib0414.png,40.52
Run354_Image08219_Crib0415.png,39.83
Run354_Image08219_Crib0416.png,41.76
Run354_Image08220_Crib0417.png,40.98
Run354_Image08220_Crib0418.png,41.75
Run354_Image08221_Crib0419.png,40.5
Run354_Image08221_Crib0420.png,42.17
Run354_Image08222_Crib0421.png,41.08
Run354_Image08222_Crib0422.png,41.3
Run354_Image08223_Crib0423.png,42.38
Run354_Image08223_Crib0424.png,41.6
Run354_Image08224_Crib0425.png,41.5
Run354_Image08224_Crib0426.png,39.32
Run354_Image08225_Crib0427.png,39.7
Run354_Image08225_Crib0428.png,40.91
Run354_Image08226_Crib0429.png,41.21
Run354_Image08226_Crib0430.png,40.6
Run354_Image08227_Crib0431.png,40.86
Run354_Image08227_Crib0432.png,41.4
Run354_Image08228_Crib0433.png,39.95
Run354_Image08228_Crib0434.png,40.15
Run354_Image08229_Crib0435.png,41.42
Run354_Image08229_Crib0436.png,40.82
Run354_Image08230_Crib0437.png,41.43
Run354_Image08230_Crib0438.png,39.4
Run354_Image08231_Crib0439.png,40.72
Run354_Image08231_Crib0440.png,38.89
Run354_Image08232_Crib0441.png,40.52
Run354_Image08232_Crib0442.png,40.05
Run354_Image08233_Crib0443.png,41.31
Run354_Image08233_Crib0444.png,42.57
Run354_Image08234_Crib0445.png,39.39
Run354_Image08234_Crib0446.png,38.75
Run354_Image08235_Crib0447.png,39
Run354_Image08235_Crib0448.png,38.16
Run354_Image08236_Crib0449.png,39.26
Run354_Image08236_Crib0450.png,39.98
Run354_Image08237_Crib0451.png,41.21
Run354_Image08237_Crib0452.png,40.02
Run354_Image08238_Crib0453.png,40.55
Run354_Image08238_Crib0454.png,41.85
Run354_Image08239_Crib0455.png,40.43
Run354_Image08240_Crib0456.png,40.72
Run354_Image08240_Crib0457.png,41.34
Run354_Image08240_Crib0458.png,41.3
Run354_Image08241_Crib0459.png,38.75
Run354_Image08242_Crib0460.png,39.22
Run354_Image08242_Crib0461.png,39.89
Run354_Image08243_Crib0462.png,41.2
Run354_Image08243_Crib0463.png,40.42
Run354_Image08244_Crib0464.png,40.05
Run354_Image08244_Crib0465.png,38.88
Run354_Image08245_Crib0466.png,38.06
Run354_Image08246_Crib0468.png,41.58
Run354_Image08246_Crib0469.png,41.79
Run354_Image08247_Crib0470.png,40.02
Run354_Image08247_Crib0471.png,41.8
Run354_Image08248_Crib0472.png,41.72
Run354_Image08248_Crib0473.png,40.58
Run354_Image08249_Crib0474.png,40.24
Run354_Image08249_Crib0475.png,40.06
Run354_Image08250_Crib0476.png,39.8
Run354_Image08250_Crib0477.png,39.18
Run354_Image08251_Crib0478.png,40.96
Run354_Image08251_Crib0479.png,41.42
Run354_Image08252_Crib0480.png,40.77
Run354_Image08252_Crib0481.png,40.55
Run354_Image08253_Crib0482.png,40.52
Run354_Image08253_Crib0483.png,41.04
Run354_Image08254_Crib0484.png,42.64
Run354_Image08254_Crib0485.png,39.73
Run354_Image08255_Crib0486.png,41.21
Run354_Image08255_Crib0487.png,39.96
Run354_Image08256_Crib0488.png,41.52
Run354_Image08256_Crib0489.png,40.49
Run354_Image08257_Crib0490.png,39.62
Run354_Image08257_Crib0491.png,41.5
Run354_Image08258_Crib0492.png,38.99
Run354_Image08258_Crib0493.png,40.2
Run354_Image08259_Crib0494.png,39.94
Run354_Image08259_Crib0495.png,39.78
Run354_Image08260_Crib0496.png,39.05
Run354_Image08260_Crib0497.png,39.24
Run354_Image08261_Crib0498.png,40.68
Run354_Image08261_Crib0499.png,39.46
Run354_Image08262_Crib0500.png,39.37
Run354_Image08263_Crib0501.png,42.06
Run354_Image08263_Crib0502.png,40.27
Run354_Image08264_Crib0503.png,39.28
Run354_Image08264_Crib0504.png,38.22
Run354_Image08265_Crib0505.png,40.82
Run354_Image08265_Crib0506.png,40.95
Run354_Image08266_Crib0507.png,38.53
Run354_Image08266_Crib0508.png,41.42
Run354_Image08267_Crib0509.png,40.02
Run354_Image08267_Crib0510.png,40.89
Run354_Image08268_Crib0511.png,40.58
Run354_Image08268_Crib0512.png,39.98
Run354_Image08269_Crib0513.png,39.45
Run354_Image08269_Crib0514.png,39.79
Run354_Image08270_Crib0515.png,40.89
Run354_Image08270_Crib0516.png,39.46
Run354_Image08271_Crib0517.png,38.77
Run354_Image08271_Crib0518.png,40.84
Run354_Image08272_Crib0519.png,39.9
Run354_Image08272_Crib0520.png,39.09
Run354_Image08273_Crib0521.png,39.21
Run354_Image08273_Crib0522.png,39.48
Run354_Image08274_Crib0523.png,38.92
Run354_Image08274_Crib0524.png,39.3
Run354_Image08275_Crib0525.png,39.84
Run354_Image08275_Crib0526.png,39.41
Run354_Image08276_Crib0527.png,40.25
Run354_Image08276_Crib0528.png,40.04
Run354_Image08277_Crib0529.png,38.77
Run354_Image08277_Crib0530.png,39.4
Run354_Image08278_Crib0531.png,39.94
Run354_Image08278_Crib0532.png,39.61
Run354_Image08279_Crib0533.png,38.35
Run354_Image08279_Crib0534.png,38.39
Run354_Image08280_Crib0535.png,40.3
Run354_Image08280_Crib0536.png,39.95
Run354_Image08281_Crib0537.png,38.86
Run354_Image08281_Crib0538.png,38.7
Run354_Image08282_Crib0539.png,37.51
Run354_Image08282_Crib0540.png,40.26
Run354_Image08283_Crib0541.png,40.59
Run354_Image08283_Crib0542.png,38.51
Run354_Image08284_Crib0543.png,36
Run354_Image08284_Crib0544.png,38.02
Run354_Image08286_Crib0546.png,40.2
Run354_Image08286_Crib0547.png,39.74
Run354_Image08287_Crib0548.png,40.29
Run354_Image08287_Crib0549.png,39.87
Run354_Image08287_Crib0550.png,38.61
Run354_Image08288_Crib0551.png,39.45
Run354_Image08289_Crib0552.png,38.1
Run354_Image08289_Crib0553.png,39.23
Run354_Image08290_Crib0554.png,39.52
Run354_Image08290_Crib0555.png,39.55
Run354_Image08291_Crib0556.png,42.8
Run354_Image08291_Crib0557.png,40.81
Run354_Image08292_Crib0558.png,40.57
Run354_Image08292_Crib0559.png,41.46
Run354_Image08293_Crib0560.png,41.28
Run354_Image08293_Crib0561.png,40.87
Run354_Image08294_Crib0562.png,40.87
Run354_Image08294_Crib0563.png,41.35
Run354_Image08295_Crib0564.png,42.67
Run354_Image08295_Crib0565.png,41.37
Run354_Image08296_Crib0566.png,41.33
Run354_Image08296_Crib0567.png,40.02
Run354_Image08297_Crib0568.png,40.75
Run354_Image08297_Crib0569.png,42.35
Run354_Image08298_Crib0570.png,40.82
Run354_Image08298_Crib0571.png,41.89
Run354_Image08299_Crib0572.png,38.56
Run354_Image08299_Crib0573.png,37.87
Run354_Image08300_Crib0574.png,38.56
Run354_Image08300_Crib0575.png,39.93
Run354_Image08301_Crib0576.png,39.31
Run354_Image08301_Crib0577.png,38.31
Run354_Image08302_Crib0578.png,41.42
Run354_Image08303_Crib0580.png,40.78
Run354_Image08303_Crib0581.png,40.23
Run354_Image08304_Crib0582.png,38.46
Run354_Image08304_Crib0583.png,40.1
Run354_Image08305_Crib0584.png,37.28
Run354_Image08305_Crib0585.png,38.7
Run354_Image08306_Crib0586.png,37.93
Run354_Image08306_Crib0587.png,38.69
Run354_Image08307_Crib0588.png,40.18
Run354_Image08307_Crib0589.png,39
Run354_Image08308_Crib0590.png,39.15
Run354_Image08308_Crib0591.png,39.32
Run354_Image08309_Crib0592.png,38.75
Run354_Image08309_Crib0593.png,38.82
Run354_Image08310_Crib0594.png,40.42
Run354_Image08310_Crib0595.png,40.31
Run354_Image08311_Crib0596.png,38.62
Run354_Image08311_Crib0597.png,39.56
Run354_Image08312_Crib0598.png,38.04
Run354_Image08312_Crib0599.png,38.84
Run354_Image08313_Crib0600.png,38.08
Run354_Image08313_Crib0601.png,39.4
Run354_Image08314_Crib0602.png,38.96
Run354_Image08314_Crib0603.png,40.26
Run354_Image08315_Crib0604.png,37.59
Run354_Image08316_Crib0605.png,38.99
Run354_Image08316_Crib0606.png,38.18
Run354_Image08317_Crib0607.png,39.01
Run354_Image08317_Crib0608.png,38.29
Run354_Image08318_Crib0609.png,39.71
Run354_Image08318_Crib0610.png,40.06
Run354_Image08319_Crib0611.png,37.93
Run354_Image08319_Crib0612.png,39.05
Run354_Image08320_Crib0613.png,40.32
Run354_Image08320_Crib0614.png,39.67
Run354_Image08321_Crib0615.png,38.14
Run354_Image08321_Crib0616.png,37.17
Run354_Image08322_Crib0617.png,38.66
Run354_Image08322_Crib0618.png,39.98
Run354_Image08323_Crib0619.png,38.61
Run354_Image08323_Crib0620.png,37.45
Run354_Image08324_Crib0621.png,37.89
Run354_Image08324_Crib0622.png,38.64
Run354_Image08325_Crib0623.png,37.05
Run354_Image08325_Crib0624.png,37.5
Run354_Image08326_Crib0625.png,38.67
Run354_Image08326_Crib0626.png,39.6
Run354_Image08327_Crib0627.png,38.56
Run354_Image08327_Crib0628.png,39.37
Run354_Image08328_Crib0629.png,38.29
Run354_Image08328_Crib0630.png,38.67
Run354_Image08329_Crib0631.png,38.37
Run354_Image08329_Crib0632.png,38.97
Run354_Image08330_Crib0633.png,38.52
Run354_Image08330_Crib0634.png,38.82
Run354_Image08331_Crib0635.png,39.69
Run354_Image08331_Crib0636.png,39.17
Run354_Image08332_Crib0637.png,38.07
Run354_Image08332_Crib0638.png,37.68
Run354_Image08333_Crib0639.png,38.94
Run354_Image08333_Crib0640.png,39.11
Run354_Image08334_Crib0641.png,39.51
Run354_Image08334_Crib0642.png,37.06
Run354_Image08335_Crib0643.png,37.89
Run354_Image08335_Crib0644.png,37.68
Run354_Image08336_Crib0645.png,37.39
Run354_Image08336_Crib0646.png,38.02
Run354_Image08337_Crib0647.png,37.01
Run354_Image08337_Crib0648.png,38.05
Run354_Image08338_Crib0649.png,37.52
Run354_Image08338_Crib0650.png,37.81
Run354_Image08339_Crib0651.png,40.32
Run354_Image08339_Crib0652.png,38.99
Run354_Image08340_Crib0653.png,38.08
Run354_Image08340_Crib0654.png,37.78
Run354_Image08341_Crib0655.png,37.94
Run354_Image08341_Crib0656.png,38.42
Run354_Image08342_Crib0657.png,38.01
Run354_Image08342_Crib0658.png,38.05
Run354_Image08343_Crib0659.png,38.32
Run354_Image08344_Crib0660.png,38.62
Run354_Image08344_Crib0661.png,37.77
Run354_Image08345_Crib0662.png,38.69
Run354_Image08345_Crib0663.png,39.23
Run354_Image08346_Crib0664.png,38.65
Run354_Image08346_Crib0665.png,37.29
Run354_Image08346_Crib0666.png,36.29
Run354_Image08347_Crib0667.png,37.38
Run354_Image08348_Crib0669.png,37.21
Run354_Image08349_Crib0670.png,37.82
Run354_Image08349_Crib0671.png,38.2
Run354_Image08350_Crib0672.png,38.29
Run354_Image08350_Crib0673.png,37.32
Run354_Image08351_Crib0674.png,37.25
Run354_Image08351_Crib0675.png,38.93
Run354_Image08352_Crib0676.png,38.96
Run354_Image08352_Crib0677.png,37.43
Run354_Image08353_Crib0678.png,37.81
Run354_Image08353_Crib0679.png,37.36
Run354_Image08354_Crib0680.png,36.67
Run354_Image08354_Crib0681.png,37.91
Run354_Image08355_Crib0682.png,39.02
Run354_Image08355_Crib0683.png,39.41
Run354_Image08356_Crib0684.png,38.12
Run354_Image08356_Crib0685.png,38.57
Run354_Image08357_Crib0686.png,37.56
Run354_Image08357_Crib0687.png,37.93
Run354_Image08358_Crib0688.png,37.57
Run354_Image08358_Crib0689.png,39.13
Run354_Image08359_Crib0690.png,37.97
Run354_Image08359_Crib0691.png,37.34
Run354_Image08360_Crib0692.png,38.41
Run354_Image08360_Crib0693.png,38.73
Run354_Image08361_Crib0694.png,38.37
Run354_Image08361_Crib0695.png,38.5
Run354_Image08362_Crib0696.png,39.41
Run354_Image08362_Crib0697.png,37.97
Run354_Image08363_Crib0698.png,37.57
Run354_Image08363_Crib0699.png,38.68
Run354_Image08364_Crib0700.png,39.29
Run354_Image08364_Crib0701.png,38.67
Run354_Image08365_Crib0702.png,38
Run354_Image08365_Crib0703.png,38.64
Run354_Image08366_Crib0704.png,39.69
Run354_Image08366_Crib0705.png,38.14
Run354_Image08375_Crib0714.png,40.08
Run354_Image08376_Crib0715.png,39.28
Run354_Image08376_Crib0716.png,39.18
Run354_Image08377_Crib0717.png,38.64
Run354_Image08377_Crib0718.png,39.14
Run354_Image08378_Crib0719.png,40.04
Run354_Image08378_Crib0720.png,38.56
Run354_Image08379_Crib0721.png,36.93
Run354_Image08379_Crib0722.png,38.88
Run354_Image08380_Crib0723.png,40.18
Run354_Image08380_Crib0724.png,39.32
Run354_Image08381_Crib0725.png,37.21
Run354_Image08381_Crib0726.png,39.12
Run354_Image08382_Crib0727.png,37.79
Run354_Image08382_Crib0728.png,39.6
Run354_Image08383_Crib0729.png,38.46
Run354_Image08383_Crib0730.png,38.55
Run354_Image08384_Crib0731.png,37.17
Run354_Image08384_Crib0732.png,37.08
Run354_Image08385_Crib0733.png,38.32
Run354_Image08385_Crib0734.png,38.65
Run354_Image08386_Crib0735.png,39.19
Run354_Image08386_Crib0736.png,39.42
Run354_Image08387_Crib0737.png,38.82
Run354_Image08387_Crib0738.png,38.65
Run354_Image08388_Crib0739.png,39.38
Run354_Image08388_Crib0740.png,38.16
Run354_Image08389_Crib0741.png,39.05
Run354_Image08389_Crib0742.png,39.16
Run354_Image08390_Crib0743.png,39.47
Run354_Image08390_Crib0744.png,37.5
Run354_Image08391_Crib0745.png,38.37
Run354_Image08391_Crib0746.png,37.65
Run354_Image08392_Crib0747.png,38.88
Run354_Image08393_Crib0748.png,39.75
Run354_Image08393_Crib0749.png,39
Run354_Image08393_Crib0750.png,37.89
Run354_Image08394_Crib0751.png,38.86
Run354_Image08395_Crib0752.png,38.32
Run354_Image08395_Crib0753.png,38.02
Run354_Image08396_Crib0754.png,38.74
Run354_Image08396_Crib0755.png,38.6
Run354_Image08397_Crib0756.png,38.17
Run354_Image08397_Crib0757.png,39.25
Run354_Image08398_Crib0758.png,39.36
Run354_Image08398_Crib0759.png,39.83
Run354_Image08399_Crib0760.png,39.53
Run354_Image08399_Crib0761.png,38.71
Run354_Image08400_Crib0762.png,38.94
Run354_Image08400_Crib0763.png,37.77
Run354_Image08401_Crib0764.png,38.71
Run354_Image08401_Crib0765.png,39.1
Run354_Image08402_Crib0766.png,39.39
Run354_Image08402_Crib0767.png,38.58
Run354_Image08403_Crib0768.png,38.61
Run354_Image08403_Crib0769.png,39.44
Run354_Image08404_Crib0770.png,39.18
Run354_Image08404_Crib0771.png,38.03
Run354_Image08405_Crib0772.png,39.12
Run354_Image08405_Crib0773.png,37.96
Run354_Image08406_Crib0774.png,37.04
Run354_Image08406_Crib0775.png,39.15
Run354_Image08407_Crib0776.png,37.29
Run354_Image08408_Crib0777.png,38.49
Run354_Image08408_Crib0778.png,39.12
Run354_Image08409_Crib0779.png,39.04
Run354_Image08409_Crib0780.png,38.32
Run354_Image08410_Crib0781.png,39.14
Run354_Image08410_Crib0782.png,38.84
Run354_Image08411_Crib0783.png,38.56
Run354_Image08411_Crib0784.png,37.31
Run354_Image08412_Crib0785.png,39.32
Run354_Image08412_Crib0786.png,40.13
Run354_Image08413_Crib0787.png,40.3
Run354_Image08413_Crib0788.png,39.05
Run354_Image08414_Crib0789.png,38.75
Run354_Image08414_Crib0790.png,39.01
Run354_Image08415_Crib0791.png,37.51
Run354_Image08415_Crib0792.png,39.56
Run354_Image08416_Crib0793.png,38.9
Run354_Image08416_Crib0794.png,38.29
Run354_Image08417_Crib0795.png,38.82
Run354_Image08417_Crib0796.png,37.99
Run354_Image08418_Crib0797.png,37.79
Run354_Image08418_Crib0798.png,37.68
Run354_Image08419_Crib0799.png,39.36
Run354_Image08419_Crib0800.png,39.69
Run354_Image08420_Crib0801.png,38.86
Run354_Image08420_Crib0802.png,38.72
Run354_Image08421_Crib0803.png,38.72
Run354_Image08421_Crib0804.png,38.71
Run354_Image08422_Crib0805.png,39.36
Run354_Image08422_Crib0806.png,38.75
Run354_Image08423_Crib0807.png,38.43
Run354_Image08423_Crib0808.png,39.73
Run354_Image08424_Crib0809.png,38.38
Run354_Image08424_Crib0810.png,38.33
Run354_Image08425_Crib0811.png,38.84
Run354_Image08425_Crib0812.png,39.63
Run354_Image08426_Crib0813.png,39.82
Run354_Image08426_Crib0814.png,37.25
Run354_Image08427_Crib0815.png,38.3
Run354_Image08427_Crib0816.png,37.91
Run354_Image08428_Crib0817.png,38.41
Run354_Image08428_Crib0818.png,37.98
Run354_Image08429_Crib0819.png,39.17
Run354_Image08429_Crib0820.png,39.79
Run354_Image08430_Crib0821.png,38.14
Run354_Image08430_Crib0822.png,39.44
Run354_Image08431_Crib0823.png,39.6
Run354_Image08432_Crib0824.png,38.22
Run354_Image08432_Crib0825.png,39.14
Run354_Image08433_Crib0826.png,38.56
Run354_Image08433_Crib0827.png,38.75
Run354_Image08434_Crib0828.png,38.37
Run354_Image08434_Crib0829.png,39.05
Run354_Image08435_Crib0830.png,38.77
Run354_Image08435_Crib0831.png,41.45
Run354_Image08436_Crib0832.png,38.45
Run354_Image08436_Crib0833.png,39.93
Run354_Image08437_Crib0834.png,38.98
Run354_Image08437_Crib0835.png,39.82
Run354_Image08438_Crib0836.png,39.27
Run354_Image08438_Crib0837.png,40.15
Run354_Image08439_Crib0838.png,39.35
Run354_Image08439_Crib0839.png,39.48
Run354_Image08440_Crib0840.png,40.28
Run354_Image08440_Crib0841.png,38.87
Run354_Image08441_Crib0842.png,40.19
Run354_Image08441_Crib0843.png,39.93
Run354_Image08442_Crib0844.png,39.2
Run354_Image08442_Crib0845.png,40.61
Run354_Image08443_Crib0846.png,38.33
Run354_Image08443_Crib0847.png,39.98
Run354_Image08444_Crib0848.png,39.31
Run354_Image08444_Crib0849.png,39.53
Run354_Image08445_Crib0850.png,39.71
Run354_Image08445_Crib0851.png,39.21
Run354_Image08446_Crib0852.png,39.5
Run354_Image08446_Crib0853.png,38.01
Run354_Image08447_Crib0854.png,40.08
Run354_Image08447_Crib0855.png,38.66
Run354_Image08448_Crib0856.png,40.58
Run354_Image08448_Crib0857.png,39.71
Run354_Image08449_Crib0858.png,39.96
Run354_Image08449_Crib0859.png,40.6
Run354_Image08450_Crib0860.png,39.84
Run354_Image08450_Crib0861.png,40.27
Run354_Image08451_Crib0862.png,39.91
Run354_Image08451_Crib0863.png,39.09
Run354_Image08452_Crib0864.png,39.32
Run354_Image08452_Crib0865.png,40.1
Run354_Image08453_Crib0866.png,38.8
Run354_Image08453_Crib0867.png,39.54
Run354_Image08454_Crib0868.png,39.12
Run354_Image08454_Crib0869.png,39.92
Run354_Image08455_Crib0870.png,40.67
Run354_Image08455_Crib0871.png,39.05
Run354_Image08456_Crib0872.png,40.22
Run354_Image08457_Crib0873.png,38.6
Run354_Image08457_Crib0874.png,37.02
Run354_Image08458_Crib0875.png,40.21
Run354_Image08458_Crib0876.png,39.41
Run354_Image08459_Crib0877.png,40.02
Run354_Image08459_Crib0878.png,40.32
Run354_Image08460_Crib0879.png,38.67
Run354_Image08460_Crib0880.png,39.27
Run354_Image08461_Crib0881.png,39.84
Run354_Image08461_Crib0882.png,38.53
Run354_Image08462_Crib0883.png,39.35
Run354_Image08462_Crib0884.png,39.46
Run354_Image08463_Crib0885.png,37.46
Run354_Image08463_Crib0886.png,39.1
Run354_Image08464_Crib0887.png,38.64
Run354_Image08464_Crib0888.png,38.91
Run354_Image08465_Crib0889.png,39.55
Run354_Image08465_Crib0890.png,38.46
Run354_Image08466_Crib0891.png,37.3
Run354_Image08466_Crib0892.png,37.56
Run354_Image08467_Crib0893.png,36.94
Run354_Image08467_Crib0894.png,39.02
Run354_Image08468_Crib0895.png,38.04
Run354_Image08468_Crib0896.png,40.31
Run354_Image08469_Crib0897.png,38.87
Run354_Image08469_Crib0898.png,37.99
Run354_Image08470_Crib0899.png,38.73
Run354_Image08470_Crib0900.png,37.46
Run354_Image08471_Crib0901.png,38.81
Run354_Image08471_Crib0902.png,38.53
Run354_Image08472_Crib0903.png,38.36
Run354_Image08472_Crib0904.png,39.54
Run354_Image08473_Crib0905.png,39.05
Run354_Image08473_Crib0906.png,38.37
Run354_Image08474_Crib0907.png,38.64
Run354_Image08474_Crib0908.png,37.81
Run354_Image08475_Crib0909.png,38.97
Run354_Image08475_Crib0910.png,38.94
Run354_Image08476_Crib0911.png,39.08
Run354_Image08476_Crib0912.png,38.33
Run354_Image08477_Crib0913.png,37.51
Run354_Image08477_Crib0914.png,39.1
Run354_Image08478_Crib0915.png,38.23
Run354_Image08478_Crib0916.png,37.81
Run354_Image08479_Crib0917.png,39.62
Run354_Image08479_Crib0918.png,38.51
Run354_Image08480_Crib0919.png,38.2
Run354_Image08480_Crib0920.png,38.41
Run354_Image08481_Crib0921.png,38.83
Run354_Image08481_Crib0922.png,39.25
Run354_Image08482_Crib0923.png,36.95
Run354_Image08482_Crib0924.png,37.6
Run354_Image08483_Crib0925.png,39.67
Run354_Image08483_Crib0926.png,40.39
Run354_Image08484_Crib0927.png,38.46
Run354_Image08484_Crib0928.png,39.47
Run354_Image08485_Crib0929.png,39.88
Run354_Image08485_Crib0930.png,40.43
Run354_Image08486_Crib0931.png,39.52
Run354_Image08486_Crib0932.png,38.12
Run354_Image08487_Crib0933.png,39.43
Run354_Image08488_Crib0934.png,40.5
Run354_Image08488_Crib0935.png,41.06
Run354_Image08489_Crib0936.png,38.11
Run354_Image08489_Crib0937.png,38.54
Run354_Image08489_Crib0938.png,36.78
Run354_Image08490_Crib0939.png,37.84
Run354_Image08491_Crib0941.png,39.15
Run354_Image08492_Crib0942.png,41.41
Run354_Image08492_Crib0943.png,40.33
Run354_Image08493_Crib0944.png,37.04
Run354_Image08493_Crib0945.png,38.75
Run354_Image08494_Crib0946.png,40.29
Run354_Image08494_Crib0947.png,38.39
Run354_Image08495_Crib0948.png,38.26
Run354_Image08495_Crib0949.png,38.25
Run354_Image08496_Crib0950.png,38.74
Run354_Image08496_Crib0951.png,39.33
Run354_Image08497_Crib0952.png,40.58
Run354_Image08497_Crib0953.png,40.38
Run354_Image08498_Crib0954.png,38.51
Run354_Image08498_Crib0955.png,38.59
Run354_Image08499_Crib0956.png,37.99
Run354_Image08499_Crib0957.png,37.46
Run354_Image08500_Crib0958.png,39.29
Run354_Image08500_Crib0959.png,39.63
Run354_Image08501_Crib0960.png,38.61
Run354_Image08501_Crib0961.png,38.45
Run354_Image08502_Crib0962.png,39.14
Run354_Image08502_Crib0963.png,40.16
Run354_Image08503_Crib0964.png,38.25
Run354_Image08503_Crib0965.png,38.17
Run354_Image08504_Crib0966.png,38.49
Run354_Image08504_Crib0967.png,39.21
Run354_Image08505_Crib0968.png,37.44
Run354_Image08505_Crib0969.png,39.08
Run354_Image08506_Crib0970.png,39.64
Run354_Image08506_Crib0971.png,39.11
Run354_Image08507_Crib0972.png,36.52
Run354_Image08507_Crib0973.png,40.03
Run354_Image08508_Crib0974.png,38.26
Run354_Image08508_Crib0975.png,39.46
Run354_Image08509_Crib0976.png,36.56
Run354_Image08509_Crib0977.png,39.03
Run354_Image08510_Crib0978.png,38.02
Run354_Image08510_Crib0979.png,38.41
Run354_Image08511_Crib0980.png,37.18
Run354_Image08511_Crib0981.png,39.79
Run354_Image08512_Crib0982.png,39.38
Run354_Image08512_Crib0983.png,39.42
Run354_Image08513_Crib0984.png,37.27
Run354_Image08514_Crib0985.png,37.88
Run354_Image08514_Crib0986.png,37.9
Run354_Image08515_Crib0987.png,37.49
Run354_Image08515_Crib0988.png,37.43
Run354_Image08515_Crib0989.png,38.27
Run354_Image08516_Crib0990.png,38.46
Run354_Image08517_Crib0991.png,38.76
Run354_Image08517_Crib0992.png,37.27
Run354_Image08518_Crib0993.png,38.68
Run354_Image08520_Crib0995.png,39.05
Run354_Image08520_Crib0996.png,40.11
Run354_Image08521_Crib0997.png,38.43
Run354_Image08521_Crib0998.png,39.35
Run354_Image08522_Crib0999.png,37.35
Run354_Image08522_Crib1000.png,38.81
Run354_Image08523_Crib1001.png,37.51
Run354_Image08523_Crib1002.png,36.46
Run354_Image08524_Crib1003.png,38.01
Run354_Image08524_Crib1004.png,38.29
Run354_Image08525_Crib1005.png,39.02
Run354_Image08525_Crib1006.png,39.09
Run354_Image08526_Crib1007.png,38.67
Run354_Image08526_Crib1008.png,39.59
Run354_Image08527_Crib1009.png,38.9
Run354_Image08527_Crib1010.png,38.58
Run354_Image08529_Crib1012.png,38.44
Run354_Image08529_Crib1013.png,39.59
Run354_Image08530_Crib1014.png,37.41
Run354_Image08530_Crib1015.png,38.42
Run354_Image08531_Crib1016.png,39.21
Run354_Image08531_Crib1017.png,37.61
Run354_Image08532_Crib1018.png,37.74
Run354_Image08532_Crib1019.png,38.94
Run354_Image08533_Crib1020.png,39.15
Run354_Image08533_Crib1021.png,38.26
Run354_Image08534_Crib1022.png,38.5
Run354_Image08534_Crib1023.png,39.43
Run354_Image08535_Crib1024.png,38.51
Run354_Image08535_Crib1025.png,39.33
Run354_Image08536_Crib1026.png,38.22
Run354_Image08536_Crib1027.png,38.35
Run354_Image08537_Crib1028.png,37.52
Run354_Image08537_Crib1029.png,39.88
Run354_Image08538_Crib1030.png,37.05
Run354_Image08538_Crib1031.png,37.98
Run354_Image08539_Crib1032.png,38.17
Run354_Image08539_Crib1033.png,40.19
Run354_Image08540_Crib1034.png,39.9
Run354_Image08541_Crib1035.png,39.65
Run354_Image08541_Crib1036.png,38.2
Run354_Image08541_Crib1037.png,38.36
Run354_Image08542_Crib1038.png,38.94
Run354_Image08543_Crib1039.png,38.74
Run354_Image08543_Crib1040.png,39.98
Run354_Image08543_Crib1041.png,36.78
Run354_Image08546_Crib1043.png,39.04
Run354_Image08546_Crib1044.png,38.58
Run354_Image08547_Crib1045.png,38.41
Run354_Image08547_Crib1046.png,37.78
Run354_Image08548_Crib1047.png,39.59
Run354_Image08548_Crib1048.png,39.38
Run354_Image08549_Crib1049.png,38.84
Run354_Image08549_Crib1050.png,39.91
Run354_Image08550_Crib1051.png,38.46
Run354_Image08550_Crib1052.png,39.27
Run354_Image08551_Crib1053.png,38.4
Run354_Image08551_Crib1054.png,38.09
Run354_Image08552_Crib1055.png,38.44
Run354_Image08552_Crib1056.png,39.07
Run354_Image08553_Crib1057.png,39.7
Run354_Image08553_Crib1058.png,37.83
Run354_Image08554_Crib1059.png,38.37
Run354_Image08554_Crib1060.png,38.99
Run354_Image08555_Crib1061.png,37.71
Run354_Image08555_Crib1062.png,37.9
Run354_Image08556_Crib1063.png,40.16
Run354_Image08556_Crib1064.png,38.13
Run354_Image08557_Crib1065.png,38.53
Run354_Image08557_Crib1066.png,37.4
Run354_Image08558_Crib1067.png,38.82
Run354_Image08560_Crib1070.png,37.34
Run354_Image08560_Crib1071.png,41.13
Run354_Image08561_Crib1072.png,39.38
Run354_Image08561_Crib1073.png,37.15
Run354_Image08562_Crib1074.png,39.07
Run354_Image08562_Crib1075.png,37.84
Run354_Image08563_Crib1076.png,37.37
Run354_Image08563_Crib1077.png,37.29
Run354_Image08564_Crib1078.png,38.35
Run354_Image08564_Crib1079.png,38.74
Run354_Image08565_Crib1080.png,39.63
Run354_Image08565_Crib1081.png,38.53
Run354_Image08566_Crib1082.png,37.52
Run354_Image08566_Crib1083.png,38.37
Run354_Image08567_Crib1084.png,40.28
Run354_Image08568_Crib1085.png,37.58
Run354_Image08568_Crib1086.png,38.22
Run354_Image08568_Crib1087.png,38.58
Run354_Image08569_Crib1088.png,37.3
Run354_Image08570_Crib1089.png,38.48
Run354_Image08570_Crib1090.png,38.59
Run354_Image08571_Crib1091.png,37.78
Run354_Image08571_Crib1092.png,38.17
Run354_Image08572_Crib1093.png,38.92
Run354_Image08572_Crib1094.png,38.55
Run354_Image08573_Crib1095.png,39.72
Run354_Image08573_Crib1096.png,40.16
Run354_Image08574_Crib1097.png,37.73
Run354_Image08574_Crib1098.png,38.44
Run354_Image08575_Crib1099.png,37.6
Run354_Image08575_Crib1100.png,38.29
Run354_Image08576_Crib1101.png,39.01
Run354_Image08576_Crib1102.png,38.96
Run354_Image08577_Crib1103.png,38.03
Run354_Image08577_Crib1104.png,37.27
Run354_Image08578_Crib1105.png,37.34
Run354_Image08578_Crib1106.png,38.5
Run354_Image08579_Crib1107.png,38.67
Run354_Image08579_Crib1108.png,38.09
Run354_Image08580_Crib1109.png,39.34
Run354_Image08580_Crib1110.png,38.09
Run354_Image08581_Crib1111.png,39.34
Run354_Image08581_Crib1112.png,40.17
Run354_Image08582_Crib1113.png,39.08
Run354_Image08582_Crib1114.png,39.31
Run354_Image08583_Crib1115.png,39.36
Run354_Image08583_Crib1116.png,40.03
Run354_Image08584_Crib1117.png,40.9
Run354_Image08584_Crib1118.png,39.76
Run354_Image08585_Crib1119.png,40.6
Run354_Image08585_Crib1120.png,38.49
Run354_Image08586_Crib1121.png,39.77
Run354_Image08586_Crib1122.png,38.04
Run354_Image08587_Crib1123.png,41.16
Run354_Image08587_Crib1124.png,40.82
Run354_Image08588_Crib1125.png,39.3
Run354_Image08588_Crib1126.png,41.31
Run354_Image08589_Crib1127.png,39.81
Run354_Image08589_Crib1128.png,38.67
Run354_Image08590_Crib1129.png,39.92
Run354_Image08590_Crib1130.png,41.05
Run354_Image08591_Crib1131.png,41.37
Run354_Image08592_Crib1132.png,42.07
Run354_Image08592_Crib1133.png,40.86
Run354_Image08592_Crib1134.png,42.18
Run354_Image08593_Crib1135.png,40.45
Run354_Image08593_Crib1136.png,42.13
Run354_Image08594_Crib1137.png,40.39
Run354_Image08594_Crib1138.png,39.87
Run354_Image08595_Crib1139.png,39.82
Run354_Image08595_Crib1140.png,42.31
Run354_Image08596_Crib1141.png,42.11
Run354_Image08596_Crib1142.png,40.83
Run354_Image08597_Crib1143.png,41.88
Run354_Image08597_Crib1144.png,40.11
Run354_Image08598_Crib1145.png,38.77
Run354_Image08598_Crib1146.png,41.44
Run354_Image08599_Crib1147.png,40.97
Run354_Image08599_Crib1148.png,38.92
Run354_Image08600_Crib1149.png,39.66
Run354_Image08600_Crib1150.png,40.38
Run354_Image08601_Crib1151.png,40.72
Run354_Image08601_Crib1152.png,39.58
Run354_Image08602_Crib1153.png,38.17
Run354_Image08602_Crib1154.png,38.84
Run354_Image08603_Crib1155.png,38.63
Run354_Image08603_Crib1156.png,39.33
Run354_Image08604_Crib1157.png,39.09
Run354_Image08604_Crib1158.png,39.45
Run354_Image08605_Crib1159.png,36.87
Run354_Image08606_Crib1161.png,39.53
Run354_Image08606_Crib1162.png,40.96
Run354_Image08607_Crib1163.png,41.03
Run354_Image08607_Crib1164.png,39.93
Run354_Image08608_Crib1165.png,38.99
Run354_Image08608_Crib1166.png,37.8
Run354_Image08609_Crib1167.png,37.17
Run354_Image08609_Crib1168.png,38.68
Run354_Image08610_Crib1169.png,39.06
Run354_Image08610_Crib1170.png,39.92
Run354_Image08611_Crib1171.png,39.33
Run354_Image08611_Crib1172.png,39.12
Run354_Image08612_Crib1173.png,39.73
Run354_Image08612_Crib1174.png,40.77
Run354_Image08613_Crib1175.png,39.3
Run354_Image08613_Crib1176.png,39.43
Run354_Image08614_Crib1177.png,40.46
Run354_Image08614_Crib1178.png,40.8
Run354_Image08615_Crib1179.png,40.95
Run354_Image08615_Crib1180.png,40.16
Run354_Image08616_Crib1181.png,41.4
Run354_Image08616_Crib1182.png,38.6
Run354_Image08617_Crib1183.png,38.73
Run354_Image08617_Crib1184.png,38.73
Run354_Image08618_Crib1185.png,39.69
Run354_Image08618_Crib1186.png,37.73
Run354_Image08619_Crib1187.png,40.8
Run354_Image08619_Crib1188.png,39.82
Run354_Image08620_Crib1189.png,38.59
Run354_Image08620_Crib1190.png,38.66
Run354_Image08621_Crib1191.png,41.1
Run354_Image08621_Crib1192.png,40.61
Run354_Image08622_Crib1193.png,39.11
Run354_Image08622_Crib1194.png,39.76
Run354_Image08623_Crib1195.png,39.84
Run354_Image08623_Crib1196.png,38.96
Run354_Image08624_Crib1197.png,39.64
Run354_Image08624_Crib1198.png,38.61
Run354_Image08625_Crib1199.png,39.78
Run354_Image08625_Crib1200.png,40.2
Run354_Image08626_Crib1201.png,39.73
Run354_Image08627_Crib1202.png,40.74
Run354_Image08627_Crib1203.png,40.98
Run354_Image08628_Crib1204.png,39.3
Run354_Image08628_Crib1205.png,40.87
Run354_Image08629_Crib1206.png,39.72
Run354_Image08629_Crib1207.png,38.29
Run354_Image08630_Crib1208.png,40.7
Run354_Image08630_Crib1209.png,40.51
Run354_Image08631_Crib1210.png,40.59
Run354_Image08631_Crib1211.png,41.47
Run354_Image08632_Crib1212.png,41.47
Run354_Image08632_Crib1213.png,40.69
Run354_Image08633_Crib1214.png,40.33
Run354_Image08633_Crib1215.png,39.94
Run354_Image08634_Crib1216.png,41.14
Run354_Image08634_Crib1217.png,40.46
Run354_Image08635_Crib1218.png,39
Run354_Image08635_Crib1219.png,38.8
Run354_Image08636_Crib1220.png,38.69
Run354_Image08636_Crib1221.png,39.63
Run354_Image08637_Crib1222.png,41.03
Run354_Image08637_Crib1223.png,42.2
Run354_Image08638_Crib1224.png,39.43
Run354_Image08638_Crib1225.png,39.99
Run354_Image08639_Crib1226.png,38.81
Run354_Image08639_Crib1227.png,38.89
Run354_Image08640_Crib1228.png,39.26
Run354_Image08640_Crib1229.png,40.51
Run354_Image08641_Crib1230.png,40.5
Run354_Image08641_Crib1231.png,41.91
Run354_Image08642_Crib1232.png,41.16
Run354_Image08642_Crib1233.png,41.35
Run354_Image08643_Crib1234.png,39.08
Run354_Image08643_Crib1235.png,37.92
Run354_Image08644_Crib1236.png,40.48
Run354_Image08645_Crib1237.png,39.05
Run354_Image08645_Crib1238.png,40.04
Run354_Image08646_Crib1239.png,40.05
Run354_Image08646_Crib1240.png,40.15
Run354_Image08647_Crib1241.png,38.75
Run354_Image08647_Crib1242.png,40.23
Run354_Image08648_Crib1243.png,38.83
Run354_Image08648_Crib1244.png,37.84
Run354_Image08649_Crib1245.png,38.25
Run354_Image08649_Crib1246.png,40.8
Run354_Image08650_Crib1247.png,39.92
Run354_Image08650_Crib1248.png,38.72
Run354_Image08651_Crib1249.png,40.05
Run354_Image08651_Crib1250.png,38.55
Run354_Image08652_Crib1251.png,39.76
Run354_Image08652_Crib1252.png,39.83
Run354_Image08653_Crib1253.png,41.16
Run354_Image08653_Crib1254.png,39.86
Run354_Image08654_Crib1255.png,40.35
Run354_Image08654_Crib1256.png,38.61
Run354_Image08655_Crib1257.png,38.2
Run354_Image08655_Crib1258.png,37.29
Run354_Image08656_Crib1259.png,38.4
Run354_Image08656_Crib1260.png,39.23
Run354_Image08657_Crib1261.png,37.8
Run354_Image08657_Crib1262.png,38.44
Run354_Image08658_Crib1263.png,37.83
Run354_Image08658_Crib1264.png,36.5
Run354_Image08659_Crib1265.png,36.66
Run354_Image08659_Crib1266.png,36.51
Run354_Image08660_Crib1267.png,37.84
Run354_Image08660_Crib1268.png,37
Run354_Image08661_Crib1269.png,35.66
Run354_Image08661_Crib1270.png,36.8
Run354_Image08662_Crib1271.png,36.53
Run354_Image08662_Crib1272.png,36.71
Run354_Image08663_Crib1273.png,36.33
Run354_Image08663_Crib1274.png,37.01
Run354_Image08664_Crib1275.png,38.81
Run354_Image08664_Crib1276.png,37.45
Run354_Image08665_Crib1277.png,37
Run354_Image08665_Crib1278.png,37.52
Run354_Image08666_Crib1279.png,36.69
Run354_Image08666_Crib1280.png,38.25
Run354_Image08667_Crib1281.png,38.44
Run354_Image08667_Crib1282.png,40.24
Run354_Image08668_Crib1283.png,40.51
Run354_Image08668_Crib1284.png,39.45
Run354_Image08669_Crib1285.png,38.65
Run354_Image08670_Crib1286.png,39.01
Run354_Image08670_Crib1287.png,39.48
Run354_Image08671_Crib1288.png,40.75
Run354_Image08671_Crib1289.png,38.29
Run354_Image08672_Crib1290.png,40.16
Run354_Image08672_Crib1291.png,41.21
Run354_Image08673_Crib1292.png,40.2
Run354_Image08673_Crib1293.png,40.9
Run354_Image08674_Crib1294.png,39.88
Run354_Image08674_Crib1295.png,38.86
Run354_Image08675_Crib1296.png,41.26
Run354_Image08675_Crib1297.png,41.54
Run354_Image08676_Crib1298.png,42.04
Run354_Image08676_Crib1299.png,42.2
Run354_Image08677_Crib1300.png,40.24
Run354_Image08677_Crib1301.png,40.76
Run354_Image08678_Crib1302.png,42.14
Run354_Image08678_Crib1303.png,42.11
Run354_Image08679_Crib1304.png,40.96
Run354_Image08679_Crib1305.png,40.9
Run354_Image08680_Crib1306.png,41.24
Run354_Image08680_Crib1307.png,43.08
Run354_Image08681_Crib1308.png,41.85
Run354_Image08681_Crib1309.png,41.47
Run354_Image08682_Crib1310.png,40
Run354_Image08682_Crib1311.png,40.38
Run354_Image08683_Crib1312.png,40.82
Run354_Image08683_Crib1313.png,39.45
Run354_Image08684_Crib1314.png,39.95
Run354_Image08684_Crib1315.png,38.17
Run354_Image08685_Crib1316.png,40.47
Run354_Image08685_Crib1317.png,39.72
Run354_Image08686_Crib1318.png,39.36
Run354_Image08686_Crib1319.png,40.28
Run354_Image08687_Crib1320.png,42.54
Run354_Image08687_Crib1321.png,41.07
Run354_Image08688_Crib1322.png,39.89
Run354_Image08688_Crib1323.png,40.68
Run354_Image08689_Crib1324.png,39.94
Run354_Image08689_Crib1325.png,39.91
Run354_Image08690_Crib1326.png,39.98
Run354_Image08690_Crib1327.png,40.87
Run354_Image08691_Crib1328.png,40.44
Run354_Image08691_Crib1329.png,39.57
Run354_Image08692_Crib1330.png,41.36
Run354_Image08692_Crib1331.png,39.46
Run354_Image08693_Crib1332.png,39.87
Run354_Image08693_Crib1333.png,39.25
Run354_Image08694_Crib1334.png,40.1
Run354_Image08695_Crib1335.png,39.86
Run354_Image08695_Crib1336.png,40.07
Run354_Image08696_Crib1337.png,38.18
Run354_Image08696_Crib1338.png,39.82
Run354_Image08697_Crib1339.png,39.86
Run354_Image08697_Crib1340.png,39.64
Run354_Image08698_Crib1341.png,39.9
Run354_Image08698_Crib1342.png,39.32
Run354_Image08699_Crib1343.png,40.03
Run354_Image08699_Crib1344.png,39.99
Run354_Image08700_Crib1345.png,40.58
Run354_Image08700_Crib1346.png,39.13
Run354_Image08701_Crib1347.png,39.22
Run354_Image08701_Crib1348.png,39.99
Run354_Image08702_Crib1349.png,39.59
Run354_Image08702_Crib1350.png,39.41
Run354_Image08703_Crib1351.png,38.57
Run354_Image08703_Crib1352.png,38.8
Run354_Image08704_Crib1353.png,39.62
Run354_Image08704_Crib1354.png,40.06
Run354_Image08705_Crib1355.png,39.08
Run354_Image08705_Crib1356.png,39.28
Run354_Image08706_Crib1357.png,39.67
Run354_Image08706_Crib1358.png,41.13
Run354_Image08707_Crib1359.png,39.24
Run354_Image08707_Crib1360.png,38.43
Run354_Image08708_Crib1361.png,38.91
Run354_Image08708_Crib1362.png,39.24
Run354_Image08709_Crib1363.png,39.17
Run354_Image08709_Crib1364.png,38.43
Run354_Image08710_Crib1365.png,39.7
Run354_Image08710_Crib1366.png,39.96
Run354_Image08711_Crib1367.png,38.7
Run354_Image08711_Crib1368.png,37.9
Run354_Image08712_Crib1369.png,39.2
Run354_Image08712_Crib1370.png,39.03
Run354_Image08713_Crib1371.png,39.26
Run354_Image08713_Crib1372.png,38.78
Run354_Image08714_Crib1373.png,38.76
Run354_Image08714_Crib1374.png,38.98
Run354_Image08715_Crib1375.png,38.98
Run354_Image08715_Crib1376.png,40.13
Run354_Image08716_Crib1377.png,39.6
Run354_Image08716_Crib1378.png,41.11
Run354_Image08718_Crib1380.png,38.34
Run354_Image08719_Crib1381.png,38.74
Run354_Image08719_Crib1382.png,40.19
Run354_Image08720_Crib1383.png,38.93
Run354_Image08720_Crib1384.png,38.88
Run354_Image08721_Crib1385.png,39.95
Run354_Image08721_Crib1386.png,39.89
Run354_Image08722_Crib1387.png,37.94
Run354_Image08722_Crib1388.png,38.18
Run354_Image08723_Crib1389.png,38.35
Run354_Image08723_Crib1390.png,38.48
Run354_Image08724_Crib1391.png,38.31
Run354_Image08724_Crib1392.png,39.75
Run354_Image08725_Crib1393.png,39.53
Run354_Image08725_Crib1394.png,38.57
Run354_Image08726_Crib1395.png,38.54
Run354_Image08726_Crib1396.png,37.29
Run354_Image08727_Crib1397.png,37.48
Run354_Image08727_Crib1398.png,37.81
Run354_Image08728_Crib1399.png,39.3
Run354_Image08728_Crib1400.png,39.19
Run354_Image08729_Crib1401.png,39.33
Run354_Image08729_Crib1402.png,37.28
Run354_Image08730_Crib1403.png,39.86
Run354_Image08730_Crib1404.png,39.49
Run354_Image08731_Crib1405.png,39.27
Run354_Image08731_Crib1406.png,38.72
Run354_Image08732_Crib1407.png,38.36
Run354_Image08732_Crib1408.png,39.01
Run354_Image08733_Crib1409.png,39.68
Run354_Image08733_Crib1410.png,37.99
Run354_Image08734_Crib1411.png,39.62
Run354_Image08734_Crib1412.png,38.52
Run354_Image08735_Crib1413.png,40.47
Run354_Image08735_Crib1414.png,38.73
Run354_Image08736_Crib1415.png,39.8
Run354_Image08736_Crib1416.png,40.59
Run354_Image08737_Crib1417.png,38.52
Run354_Image08738_Crib1419.png,37.57
Run354_Image08739_Crib1420.png,38.31
Run354_Image08739_Crib1421.png,39.52
Run354_Image08740_Crib1422.png,37.51
Run354_Image08740_Crib1423.png,39.45
Run354_Image08741_Crib1424.png,37.83
Run354_Image08741_Crib1425.png,40.17
Run354_Image08742_Crib1426.png,38.31
Run354_Image08742_Crib1427.png,38.04
Run354_Image08743_Crib1428.png,37.9
Run354_Image08743_Crib1429.png,37.96
Run354_Image08744_Crib1430.png,39.21
Run354_Image08745_Crib1431.png,39.97
Run354_Image08745_Crib1432.png,38.62
Run354_Image08746_Crib1433.png,39.39
Run354_Image08746_Crib1434.png,37.86
Run354_Image08747_Crib1435.png,38.82
Run354_Image08747_Crib1436.png,39.56
Run354_Image08748_Crib1437.png,38.79
Run354_Image08748_Crib1438.png,39.59
Run354_Image08749_Crib1439.png,38.69
Run354_Image08749_Crib1440.png,37.76
Run354_Image08750_Crib1441.png,39.29
Run354_Image08750_Crib1442.png,38.35
Run354_Image08751_Crib1443.png,38.8
Run354_Image08751_Crib1444.png,39.21
Run354_Image08752_Crib1445.png,38.15
Run354_Image08752_Crib1446.png,39.68
Run354_Image08753_Crib1447.png,38.35
Run354_Image08753_Crib1448.png,38.34
Run354_Image08754_Crib1449.png,38.32
Run354_Image08754_Crib1450.png,38.52
Run354_Image08755_Crib1451.png,38.66
Run354_Image08755_Crib1452.png,39.62
Run354_Image08756_Crib1453.png,38.86
Run354_Image08756_Crib1454.png,38.6
Run354_Image08757_Crib1455.png,40.21
Run354_Image08757_Crib1456.png,38.77
Run354_Image08758_Crib1457.png,38.32
Run354_Image08758_Crib1458.png,39.55
Run354_Image08759_Crib1459.png,38.79
Run354_Image08759_Crib1460.png,38.49
Run354_Image08760_Crib1461.png,39.57
Run354_Image08760_Crib1462.png,38.32
Run354_Image08761_Crib1463.png,38.22
Run354_Image08761_Crib1464.png,39.09
Run354_Image08762_Crib1465.png,38.47
Run354_Image08762_Crib1466.png,38.95
Run354_Image08763_Crib1467.png,37.46
Run354_Image08763_Crib1468.png,37.38
Run354_Image08764_Crib1469.png,39
Run354_Image08764_Crib1470.png,40.25
Run354_Image08765_Crib1471.png,39.85
Run354_Image08765_Crib1472.png,38.58
Run354_Image08766_Crib1473.png,38.77
Run354_Image08766_Crib1474.png,39.75
Run354_Image08767_Crib1475.png,39.83
Run354_Image08767_Crib1476.png,38.26
Run354_Image08768_Crib1477.png,37.8
Run354_Image08768_Crib1478.png,39.29
Run354_Image08769_Crib1479.png,37.84
Run354_Image08769_Crib1480.png,37.37
Run354_Image08770_Crib1481.png,37.41
Run354_Image08771_Crib1482.png,38.42
Run354_Image08771_Crib1483.png,38.69
Run354_Image08772_Crib1484.png,39.23
Run354_Image08772_Crib1485.png,37.02
Run354_Image08773_Crib1486.png,37.35
Run354_Image08773_Crib1487.png,37.69
Run354_Image08774_Crib1488.png,37.96
Run354_Image08774_Crib1489.png,37.76
Run354_Image08775_Crib1490.png,39.01
Run354_Image08775_Crib1491.png,38.71
Run354_Image08776_Crib1492.png,40.19
Run354_Image08776_Crib1493.png,40.04
Run354_Image08777_Crib1494.png,38.5
Run354_Image08777_Crib1495.png,38.46
Run354_Image08778_Crib1496.png,39.34
Run354_Image08778_Crib1497.png,40.38
Run354_Image08779_Crib1498.png,38.67
Run354_Image08779_Crib1499.png,39.74
Run354_Image08780_Crib1500.png,40.07
Run354_Image08780_Crib1501.png,39.11
Run354_Image08781_Crib1502.png,38.37
Run354_Image08781_Crib1503.png,37.63
Run354_Image08782_Crib1504.png,39.28
Run354_Image08782_Crib1505.png,37.36
Run354_Image08783_Crib1506.png,39.34
Run354_Image08783_Crib1507.png,39.84
Run354_Image08784_Crib1508.png,38.5
Run354_Image08784_Crib1509.png,38.3
Run354_Image08785_Crib1510.png,38.81
Run354_Image08785_Crib1511.png,37.94
Run354_Image08786_Crib1512.png,41.08
Run354_Image08786_Crib1513.png,40.39
Run354_Image08787_Crib1514.png,40.98
Run354_Image08787_Crib1515.png,39.5
Run354_Image08788_Crib1516.png,37.42
Run354_Image08788_Crib1517.png,38.76
Run354_Image08789_Crib1518.png,39.5
Run354_Image08789_Crib1519.png,39.52
Run354_Image08790_Crib1520.png,38.92
Run354_Image08791_Crib1522.png,40.21
Run354_Image08792_Crib1523.png,39.08
Run354_Image08792_Crib1524.png,39.5
Run354_Image08793_Crib1525.png,39.64
Run354_Image08793_Crib1526.png,41.19
Run354_Image08794_Crib1527.png,39.44
Run354_Image08794_Crib1528.png,39.45
Run354_Image08795_Crib1529.png,40.03
Run354_Image08796_Crib1530.png,38.73
Run354_Image08796_Crib1531.png,39.08
Run354_Image08797_Crib1532.png,38.71
Run354_Image08797_Crib1533.png,38.12
Run354_Image08797_Crib1534.png,39.81
Run354_Image08798_Crib1535.png,39.93
Run354_Image08799_Crib1536.png,38.87
Run354_Image08799_Crib1537.png,39.7
Run354_Image08800_Crib1538.png,39.15
Run354_Image08800_Crib1539.png,39.71
Run354_Image08801_Crib1540.png,39.54
Run354_Image08802_Crib1542.png,39.03
Run354_Image08803_Crib1543.png,39.91
Run354_Image08803_Crib1544.png,39.78
Run354_Image08806_Crib1547.png,38.38
Run354_Image08806_Crib1548.png,39.86
Run354_Image08807_Crib1549.png,39.58
Run354_Image08807_Crib1550.png,39.66
Run354_Image08809_Crib1552.png,40.82
Run354_Image08810_Crib1553.png,39.86
Run354_Image08812_Crib1556.png,38.49
Run354_Image08812_Crib1557.png,40.24
Run354_Image08815_Crib1560.png,40.45
Run354_Image08815_Crib1561.png,39.08
Run354_Image08817_Crib1563.png,40.48
Run354_Image08818_Crib1564.png,42.1
Run354_Image08818_Crib1565.png,39.72
Run354_Image08820_Crib1567.png,38.73
Run354_Image08821_Crib1568.png,40.3
Run354_Image08821_Crib1569.png,38.76
Run354_Image08823_Crib1571.png,38.15
Run354_Image08823_Crib1572.png,40.14
Run354_Image08824_Crib1573.png,38.73
Run354_Image08824_Crib1574.png,36.75
Run354_Image08826_Crib1576.png,39.41
Run354_Image08826_Crib1577.png,40.52
Run354_Image08827_Crib1578.png,38.94
Run354_Image08827_Crib1579.png,38.25
Run354_Image08828_Crib1580.png,38.18
Run354_Image08828_Crib1581.png,36.86
Run354_Image08830_Crib1584.png,39.19
Run354_Image08830_Crib1585.png,38.37
Run354_Image08831_Crib1586.png,36.27
Run354_Image08832_Crib1588.png,39.35
Run354_Image08833_Crib1589.png,37.72
Run354_Image08833_Crib1590.png,38.98
Run354_Image08834_Crib1591.png,38.38
Run354_Image08834_Crib1592.png,38.19
Run354_Image08835_Crib1593.png,40.72
Run354_Image08835_Crib1594.png,39.39
Run354_Image08836_Crib1595.png,39.14
Run354_Image08836_Crib1596.png,37.85
Run354_Image08837_Crib1597.png,39.36
Run354_Image08837_Crib1598.png,40.37
Run354_Image08840_Crib1601.png,38.83
Run354_Image08841_Crib1602.png,38.66
Run354_Image08842_Crib1603.png,37.13
Run354_Image08842_Crib1604.png,37.98
Run354_Image08843_Crib1605.png,41.61
Run354_Image08846_Crib1609.png,41.34
Run354_Image08856_Crib1620.png,40.03
Run354_Image08892_Crib1656.png,36.62
Run354_Image08901_Crib1665.png,42.22
Run354_Image08902_Crib1666.png,39.11
Run354_Image08903_Crib1668.png,39.43
Run354_Image08904_Crib1669.png,40.64
Run354_Image08904_Crib1670.png,42.57
Run354_Image08907_Crib1673.png,38.25
Run354_Image08907_Crib1674.png,37.83
Run354_Image08909_Crib1677.png,38.05
Run354_Image08910_Crib1678.png,42.15
Run354_Image08910_Crib1679.png,39.46
Run354_Image08911_Crib1680.png,38.15
Run354_Image08911_Crib1681.png,38.64
Run354_Image08912_Crib1682.png,39.33
Run354_Image08912_Crib1683.png,38.1
Run354_Image08913_Crib1684.png,38.77
Run354_Image08913_Crib1685.png,38.59
Run354_Image08914_Crib1686.png,37.55
Run354_Image08914_Crib1687.png,38.82
Run354_Image08915_Crib1688.png,39.85
Run354_Image08915_Crib1689.png,38.51
Run354_Image08916_Crib1690.png,39.55
Run354_Image08917_Crib1691.png,38.66
Run354_Image08917_Crib1692.png,38.76
Run354_Image08918_Crib1693.png,36.73
Run354_Image08918_Crib1694.png,39.24
Run354_Image08918_Crib1695.png,40.82
Run354_Image08919_Crib1696.png,42.33
Run354_Image08920_Crib1697.png,40.07
Run354_Image08920_Crib1698.png,40.68
Run354_Image08921_Crib1699.png,39.71
Run354_Image08921_Crib1700.png,40.26
Run354_Image08922_Crib1701.png,38.44
Run354_Image08922_Crib1702.png,41.61
Run354_Image08923_Crib1703.png,41.94
Run354_Image08923_Crib1704.png,39.73
Run354_Image08924_Crib1705.png,39.09
Run354_Image08924_Crib1706.png,39.23
Run354_Image08925_Crib1707.png,37.65
Run354_Image08925_Crib1708.png,38.67
Run354_Image08926_Crib1709.png,40.38
Run354_Image08926_Crib1710.png,40.83
Run354_Image08927_Crib1711.png,38.77
Run354_Image08927_Crib1712.png,39.2
Run354_Image08928_Crib1713.png,40.26
Run354_Image08928_Crib1714.png,39.99
Run354_Image08929_Crib1715.png,39.26
Run354_Image08929_Crib1716.png,39.5
Run354_Image08930_Crib1717.png,39.65
Run354_Image08930_Crib1718.png,39.22
Run354_Image08931_Crib1719.png,39.34
Run354_Image08931_Crib1720.png,40.68
Run354_Image08932_Crib1721.png,39.62
Run354_Image08932_Crib1722.png,38.11
Run354_Image08933_Crib1723.png,38.49
Run354_Image08933_Crib1724.png,38.26
Run354_Image08934_Crib1725.png,39.65
Run354_Image08934_Crib1726.png,37.09
Run354_Image08935_Crib1727.png,38.99
Run354_Image08935_Crib1728.png,38.92
Run354_Image08936_Crib1729.png,38.87
Run354_Image08936_Crib1730.png,38.78
Run354_Image08937_Crib1731.png,37.98
Run354_Image08937_Crib1732.png,37.63
Run354_Image08938_Crib1733.png,38.68
Run354_Image08938_Crib1734.png,37.99
Run354_Image08939_Crib1735.png,38.04
Run354_Image08939_Crib1736.png,37.33
Run354_Image08940_Crib1737.png,38.68
Run354_Image08940_Crib1738.png,38.4
Run354_Image08941_Crib1739.png,38.21
Run354_Image08941_Crib1740.png,38.76
Run354_Image08942_Crib1741.png,36.99
Run354_Image08943_Crib1742.png,37
Run354_Image08943_Crib1743.png,38.22
Run354_Image08944_Crib1744.png,40.28
Run354_Image08944_Crib1745.png,36.98
Run354_Image08945_Crib1746.png,38.62
Run354_Image08945_Crib1747.png,38.7
Run354_Image08946_Crib1748.png,38.93
Run354_Image08946_Crib1749.png,37.64
Run354_Image08947_Crib1750.png,37.81
Run354_Image08947_Crib1751.png,38.29
Run354_Image08948_Crib1752.png,39.46
Run354_Image08948_Crib1753.png,38.97
Run354_Image08949_Crib1754.png,37.9
Run354_Image08950_Crib1756.png,38.25
Run354_Image08950_Crib1757.png,36.34
Run354_Image08951_Crib1758.png,37.8
Run354_Image08951_Crib1759.png,37.74
Run354_Image08952_Crib1760.png,38.89
Run354_Image08952_Crib1761.png,37.66
Run354_Image08953_Crib1762.png,37.81
Run354_Image08953_Crib1763.png,38.55
Run354_Image08954_Crib1764.png,39.51
Run354_Image08954_Crib1765.png,36.27
Run354_Image08955_Crib1766.png,40.27
Run354_Image08955_Crib1767.png,38.27
Run354_Image08956_Crib1768.png,38.85
Run354_Image08956_Crib1769.png,38.17
Run354_Image08957_Crib1770.png,37.67
Run354_Image08957_Crib1771.png,35.87
Run354_Image08958_Crib1772.png,38.92
Run354_Image08958_Crib1773.png,38.42
Run354_Image08959_Crib1774.png,38.54
Run354_Image08959_Crib1775.png,39.58
Run354_Image08960_Crib1776.png,38.12
Run354_Image08960_Crib1777.png,38.88
Run354_Image08961_Crib1778.png,38.94
Run354_Image08961_Crib1779.png,37.5
Run354_Image08962_Crib1780.png,38.34
Run354_Image08962_Crib1781.png,37.43
Run354_Image08963_Crib1782.png,38.94
Run354_Image08963_Crib1783.png,37.9
Run354_Image08964_Crib1784.png,39.08
Run354_Image08964_Crib1785.png,39.82
Run354_Image08965_Crib1786.png,38.49
Run354_Image08965_Crib1787.png,38.03
Run354_Image08966_Crib1788.png,37.05
Run354_Image08966_Crib1789.png,38.95
Run354_Image08967_Crib1790.png,37.26
Run354_Image08967_Crib1791.png,39.03
Run354_Image08968_Crib1792.png,39.03
Run354_Image08968_Crib1793.png,38.46
Run354_Image08969_Crib1794.png,37.53
Run354_Image08970_Crib1795.png,36.92
Run354_Image08970_Crib1796.png,38.63
Run354_Image08971_Crib1797.png,37.97
Run354_Image08971_Crib1798.png,37.83
Run354_Image08972_Crib1799.png,38.39
Run354_Image08972_Crib1800.png,36.13
Run354_Image08973_Crib1801.png,36.56
Run354_Image08973_Crib1802.png,36.88
Run354_Image08974_Crib1803.png,39.64
Run354_Image08974_Crib1804.png,37.36
Run354_Image08975_Crib1805.png,38.57
Run354_Image08975_Crib1806.png,38.5
Run354_Image08976_Crib1807.png,37.7
Run354_Image08976_Crib1808.png,37.34
Run354_Image08977_Crib1809.png,36.67
Run354_Image08977_Crib1810.png,38.6
Run354_Image08978_Crib1811.png,38.47
Run354_Image08978_Crib1812.png,38.44
Run354_Image08979_Crib1813.png,37.74
Run354_Image08979_Crib1814.png,37.64
Run354_Image08980_Crib1815.png,37.73
Run354_Image08980_Crib1816.png,37.99
Run354_Image08981_Crib1817.png,37.85
Run354_Image08981_Crib1818.png,37.29
Run354_Image08982_Crib1819.png,38.64
Run354_Image08982_Crib1820.png,38.21
Run354_Image08983_Crib1821.png,38.39
Run354_Image08983_Crib1822.png,36.93
Run354_Image08984_Crib1823.png,37.04
Run354_Image08984_Crib1824.png,38.04
Run354_Image08985_Crib1825.png,37.47
Run354_Image08985_Crib1826.png,38.16
Run354_Image08986_Crib1827.png,38.39
Run354_Image08986_Crib1828.png,39.85
Run354_Image08987_Crib1829.png,37.85
Run354_Image08987_Crib1830.png,36.73
Run354_Image08988_Crib1831.png,39.93
Run354_Image08988_Crib1832.png,38.09
Run354_Image08989_Crib1833.png,38.67
Run354_Image08989_Crib1834.png,37.15
Run354_Image08990_Crib1835.png,39.03
Run354_Image08990_Crib1836.png,37.56
Run354_Image08991_Crib1837.png,38.67
Run354_Image08991_Crib1838.png,37.6
Run354_Image08992_Crib1839.png,38.09
Run354_Image08993_Crib1840.png,38.37
Run354_Image08993_Crib1841.png,38.33
Run354_Image08994_Crib1842.png,36.84
Run354_Image08994_Crib1843.png,36.5
Run354_Image08995_Crib1844.png,37.46
Run354_Image08995_Crib1845.png,37.52
Run354_Image08996_Crib1846.png,37.41
Run354_Image08996_Crib1847.png,36.87
Run354_Image08997_Crib1848.png,37.17
Run354_Image08997_Crib1849.png,38.15
Run354_Image08998_Crib1850.png,37.83
Run354_Image08998_Crib1851.png,37.52
Run354_Image08999_Crib1852.png,38.01
Run354_Image08999_Crib1853.png,36.22
Run354_Image09000_Crib1854.png,38.78
Run354_Image09000_Crib1855.png,38.75
Run354_Image09001_Crib1856.png,37.15
Run354_Image09001_Crib1857.png,36.81
Run354_Image09002_Crib1858.png,37.43
Run354_Image09002_Crib1859.png,36.86
Run354_Image09003_Crib1860.png,38.37
Run354_Image09003_Crib1861.png,37.58
Run354_Image09004_Crib1862.png,38.29
Run354_Image09004_Crib1863.png,37.24
Run354_Image09005_Crib1864.png,38.14
Run354_Image09005_Crib1865.png,37.8
Run354_Image09006_Crib1866.png,38.78
Run354_Image09006_Crib1867.png,36.78
Run354_Image09007_Crib1868.png,38.58
Run354_Image09007_Crib1869.png,37.51
Run354_Image09008_Crib1870.png,38.74
Run354_Image09009_Crib1872.png,36.7
Run354_Image09009_Crib1873.png,36.58
Run354_Image09010_Crib1874.png,37.98
Run354_Image09010_Crib1875.png,37.28
Run354_Image09011_Crib1876.png,37.47
Run354_Image09011_Crib1877.png,36.11
Run354_Image09012_Crib1878.png,38
Run354_Image09012_Crib1879.png,38.26
Run354_Image09013_Crib1880.png,36.99
Run354_Image09013_Crib1881.png,37.44
Run354_Image09014_Crib1882.png,37.41
Run354_Image09014_Crib1883.png,36.26
Run354_Image09016_Crib1885.png,38.81
Run354_Image09016_Crib1886.png,37.23
Run354_Image09016_Crib1887.png,38.06
Run354_Image09017_Crib1888.png,37.22
Run354_Image09018_Crib1889.png,37.58
Run354_Image09018_Crib1890.png,38.22
Run354_Image09019_Crib1891.png,35.53
Run354_Image09019_Crib1892.png,35.89
Run354_Image09020_Crib1893.png,37
Run354_Image09020_Crib1894.png,37.89
Run354_Image09021_Crib1895.png,37.93
Run354_Image09021_Crib1896.png,37.38
Run354_Image09022_Crib1897.png,37.2
Run354_Image09022_Crib1898.png,37.17
Run354_Image09023_Crib1899.png,39.02
Run354_Image09023_Crib1900.png,38.1
Run354_Image09024_Crib1901.png,36.8
Run354_Image09024_Crib1902.png,37.51
Run354_Image09025_Crib1903.png,38.4
Run354_Image09025_Crib1904.png,39.17
Run354_Image09026_Crib1905.png,38.29
Run354_Image09026_Crib1906.png,37.48
Run354_Image09027_Crib1907.png,38.1
Run354_Image09027_Crib1908.png,37.44
Run354_Image09028_Crib1909.png,38.72
Run354_Image09028_Crib1910.png,37.81
Run354_Image09029_Crib1911.png,38.32
Run354_Image09029_Crib1912.png,37.22
Run354_Image09030_Crib1913.png,37.55
Run354_Image09030_Crib1914.png,37.25
Run354_Image09031_Crib1915.png,38.49
Run354_Image09031_Crib1916.png,37.73
Run354_Image09033_Crib1918.png,37.77
Run354_Image09033_Crib1919.png,39.36
Run354_Image09034_Crib1920.png,37.2
Run354_Image09034_Crib1921.png,38.13
Run354_Image09035_Crib1922.png,38.06
Run354_Image09035_Crib1923.png,37.6
Run354_Image09036_Crib1924.png,38.63
Run354_Image09036_Crib1925.png,36.74
Run354_Image09037_Crib1926.png,37.76
Run354_Image09037_Crib1927.png,37.56
Run354_Image09038_Crib1928.png,38.24
Run354_Image09038_Crib1929.png,37.09
Run354_Image09039_Crib1930.png,38.79
Run354_Image09039_Crib1931.png,36.94
Run354_Image09040_Crib1932.png,36.35
Run354_Image09040_Crib1933.png,36.67
Run354_Image09041_Crib1934.png,37.92
Run354_Image09041_Crib1935.png,37.71
Run354_Image09042_Crib1936.png,38.67
Run354_Image09042_Crib1937.png,38.9
Run354_Image09043_Crib1938.png,38.48
Run354_Image09044_Crib1939.png,38.35
Run354_Image09044_Crib1940.png,37.37
Run354_Image09045_Crib1941.png,37.52
Run354_Image09045_Crib1942.png,35.9
Run354_Image09046_Crib1943.png,36.74
Run354_Image09046_Crib1944.png,38.54
Run354_Image09047_Crib1945.png,38.09
Run354_Image09047_Crib1946.png,37.36
Run354_Image09048_Crib1947.png,38.03
Run354_Image09048_Crib1948.png,35.46
Run354_Image09049_Crib1949.png,37.95
Run354_Image09049_Crib1950.png,38.65
Run354_Image09050_Crib1951.png,37.28
Run354_Image09050_Crib1952.png,38.64
Run354_Image09051_Crib1953.png,39.75
Run354_Image09051_Crib1954.png,38.85
Run354_Image09052_Crib1955.png,38.9
Run354_Image09052_Crib1956.png,37.52
Run354_Image09053_Crib1957.png,37.32
Run354_Image09053_Crib1958.png,38.1
Run354_Image09054_Crib1959.png,39.59
Run354_Image09054_Crib1960.png,38.41
Run354_Image09055_Crib1961.png,38.42
Run354_Image09055_Crib1962.png,38.2
Run354_Image09056_Crib1963.png,39.75
Run354_Image09056_Crib1964.png,39.4
Run354_Image09057_Crib1965.png,38.33
Run354_Image09057_Crib1966.png,39.36
Run354_Image09058_Crib1967.png,39.04
Run354_Image09058_Crib1968.png,39.3
Run354_Image09059_Crib1969.png,38.34
Run354_Image09059_Crib1970.png,37.23
Run354_Image09060_Crib1971.png,38.23
Run354_Image09060_Crib1972.png,38.71
Run354_Image09061_Crib1973.png,38.43
Run354_Image09061_Crib1974.png,38.24
Run354_Image09062_Crib1975.png,37.86
Run354_Image09062_Crib1976.png,38.66
Run354_Image09063_Crib1977.png,38.08
Run354_Image09063_Crib1978.png,38.41
Run354_Image09064_Crib1979.png,38.69
Run354_Image09064_Crib1980.png,37.2
Run354_Image09065_Crib1981.png,38.6
Run354_Image09065_Crib1982.png,40.12
Run354_Image09066_Crib1983.png,40.78
Run354_Image09066_Crib1984.png,38.78
Run354_Image09067_Crib1985.png,40.82
Run354_Image09067_Crib1986.png,38.67
Run354_Image09068_Crib1987.png,39.77
Run354_Image09068_Crib1988.png,39.2
Run354_Image09069_Crib1989.png,38.78
Run354_Image09070_Crib1990.png,39.6
Run354_Image09070_Crib1991.png,39.47
Run354_Image09071_Crib1992.png,38.56
Run354_Image09071_Crib1993.png,38.17
Run354_Image09072_Crib1994.png,39.81
Run354_Image09072_Crib1995.png,39.03
Run354_Image09073_Crib1996.png,38.26
Run354_Image09073_Crib1997.png,39.13
Run354_Image09074_Crib1998.png,39.51
Run354_Image09074_Crib1999.png,39.17
Run354_Image09075_Crib2000.png,38.77
Run354_Image09075_Crib2001.png,39.62
Run354_Image09076_Crib2002.png,38.38
Run354_Image09076_Crib2003.png,40.1
Run354_Image09077_Crib2004.png,37.15
Run354_Image09077_Crib2005.png,38.96
Run354_Image09078_Crib2006.png,39.23
Run354_Image09078_Crib2007.png,39.23
Run354_Image09079_Crib2008.png,39.27
Run354_Image09079_Crib2009.png,41.2
Run354_Image09080_Crib2010.png,38.91
Run354_Image09080_Crib2011.png,38.43
Run354_Image09081_Crib2012.png,39.2
Run354_Image09081_Crib2013.png,39.74
Run354_Image09082_Crib2014.png,37.83
Run354_Image09082_Crib2015.png,39.83
Run354_Image09083_Crib2016.png,39.16
Run354_Image09083_Crib2017.png,38.52
Run354_Image09084_Crib2018.png,40.13
Run354_Image09084_Crib2019.png,39.56
Run354_Image09085_Crib2020.png,38.88
Run354_Image09085_Crib2021.png,39.99
Run354_Image09086_Crib2022.png,40.78
Run354_Image09086_Crib2023.png,39.03
Run354_Image09087_Crib2024.png,38.12
Run354_Image09087_Crib2025.png,39.01
Run354_Image09088_Crib2026.png,38.06
Run354_Image09088_Crib2027.png,39.28
Run354_Image09090_Crib2029.png,39.75
Run354_Image09090_Crib2030.png,40.19
Run354_Image09091_Crib2031.png,38.01
Run354_Image09091_Crib2032.png,39.04
Run354_Image09092_Crib2033.png,40.53
Run354_Image09092_Crib2034.png,40.54
Run354_Image09093_Crib2035.png,40.55
Run354_Image09093_Crib2036.png,40
Run354_Image09094_Crib2037.png,40.56
Run354_Image09094_Crib2038.png,38.66
Run354_Image09095_Crib2039.png,39.66
Run354_Image09095_Crib2040.png,40.17
Run354_Image09096_Crib2041.png,37.62
Run354_Image09097_Crib2042.png,39.43
Run354_Image09097_Crib2043.png,39.94
Run354_Image09098_Crib2044.png,39.49
Run354_Image09098_Crib2045.png,39.22
Run354_Image09099_Crib2046.png,38.96
Run354_Image09099_Crib2047.png,37.99
Run354_Image09100_Crib2048.png,37.2
Run354_Image09100_Crib2049.png,38.66
Run354_Image09101_Crib2050.png,39.9
Run354_Image09101_Crib2051.png,37.39
Run354_Image09102_Crib2052.png,39.12
Run354_Image09102_Crib2053.png,38.41
Run354_Image09103_Crib2054.png,37.73
Run354_Image09103_Crib2055.png,38.53
Run354_Image09104_Crib2056.png,39.59
Run354_Image09104_Crib2057.png,40.96
Run354_Image09105_Crib2058.png,37.92
Run354_Image09105_Crib2059.png,38.7
Run354_Image09106_Crib2060.png,37.9
Run354_Image09106_Crib2061.png,38.62
Run354_Image09107_Crib2062.png,38.37
Run354_Image09107_Crib2063.png,39.29
Run354_Image09108_Crib2064.png,39.55
Run354_Image09108_Crib2065.png,39.71
Run354_Image09109_Crib2066.png,40.4
Run354_Image09109_Crib2067.png,39.21
Run354_Image09110_Crib2068.png,39.38
Run354_Image09110_Crib2069.png,35.91
Run354_Image09111_Crib2070.png,37.57
Run354_Image09111_Crib2071.png,38.69
Run354_Image09112_Crib2072.png,39.7
Run354_Image09112_Crib2073.png,38.99
Run354_Image09113_Crib2074.png,39.15
Run354_Image09113_Crib2075.png,38.61
Run354_Image09114_Crib2076.png,39.5
Run354_Image09114_Crib2077.png,38.8
Run354_Image09115_Crib2078.png,38.87
Run354_Image09115_Crib2079.png,40.12
Run354_Image09116_Crib2080.png,40.61
Run354_Image09116_Crib2081.png,40.2
Run354_Image09117_Crib2082.png,38.92
Run354_Image09117_Crib2083.png,38.53
Run354_Image09118_Crib2084.png,37.64
Run354_Image09118_Crib2085.png,39.4
Run354_Image09119_Crib2086.png,39.2
Run354_Image09119_Crib2087.png,39.23
Run354_Image09120_Crib2088.png,37.75
Run354_Image09120_Crib2089.png,38.86
Run354_Image09121_Crib2090.png,39.01
Run354_Image09122_Crib2091.png,40.09
Run354_Image09122_Crib2092.png,39.42
Run354_Image09123_Crib2093.png,38.62
Run354_Image09123_Crib2094.png,38.78
Run354_Image09124_Crib2095.png,39.12
Run354_Image09124_Crib2096.png,40.47
Run354_Image09125_Crib2097.png,39.5
Run354_Image09125_Crib2098.png,37.7
Run354_Image09126_Crib2099.png,39.08
Run354_Image09126_Crib2100.png,38.16
Run354_Image09127_Crib2101.png,39.29
Run354_Image09127_Crib2102.png,37.76
Run354_Image09128_Crib2103.png,39.48
Run354_Image09128_Crib2104.png,39.14
Run354_Image09129_Crib2105.png,41.1
Run354_Image09129_Crib2106.png,39.81
Run354_Image09130_Crib2107.png,37.89
Run354_Image09130_Crib2108.png,38.41
Run354_Image09131_Crib2109.png,39.83
Run354_Image09131_Crib2110.png,39.4
Run354_Image09132_Crib2111.png,39.09
Run354_Image09132_Crib2112.png,39.14
Run354_Image09133_Crib2113.png,38.89
Run354_Image09133_Crib2114.png,37.92
Run354_Image09134_Crib2115.png,38.57
Run354_Image09134_Crib2116.png,38.74
Run354_Image09135_Crib2117.png,39.78
